Company Name,Website,Business Type,Contact Name,Title,Email,Phone,Address,City,State,Postal Code,Country,Qualification Basis,Evidence URL,Research ID,Verification Status,Verified At,Specialty
Lone Star Family Clinic,https://www.lonestar-family-clinic.example,Family Medicine,Avery Collins,Practice Manager,avery.collins@lonestar-family-clinic.example,+1-512-555-0101,100 Sample Ave,Austin,TX,78701,US,Independent practice with 6 providers,https://www.lonestar-family-clinic.example/team,SAMPLE-0001,valid,2026-09-15,Primary care
Brazos Pediatrics,https://brazos-pediatrics.example,Pediatrics,Dr. Jamie Ortiz,Medical Director,jamie.ortiz@brazos-pediatrics.example,+1-979-555-0102,22 Example Rd,College Station,Texas,77840,United States,Independent practice with 4 providers,https://brazos-pediatrics.example/about,SAMPLE-0002,deliverable,2026-09-20,Pediatrics
Gulf Coast Dermatology,https://gulfcoast-derm.example,Dermatology,Taylor Reed,Office Manager,taylor.reed@gulfcoast-derm.example,+1-361-555-0103,5 Placeholder St,Corpus Christi,TX,78401,US,Two-location dermatology group,https://gulfcoast-derm.example/locations,SAMPLE-0003,catch-all,2026-09-10,Dermatology
Hill Country Physical Therapy,https://hillcountry-pt.example,Physical Therapy,Morgan Blake,Owner,morgan@hillcountry-pt.example,+1-830-555-0104,,Kerrville,TX,78028,US,Owner-operated clinic,,SAMPLE-0004,unknown,,Physical therapy
Peach State Orthodontics,https://peachstate-ortho.example,Orthodontics,Riley Shaw,Practice Administrator,riley.shaw@peachstate-ortho.example,+1-404-555-0105,8 Demo Pkwy,Atlanta,GA,30303,US,Independent orthodontic practice,https://peachstate-ortho.example/doctors,SAMPLE-0005,valid,2026-09-18,Orthodontics
Thames Valley Dental,https://www.thamesvalley-dental.example,Dental Practice,Harper Lewis,Practice Manager,harper.lewis@thamesvalley-dental.example,+44 118 496 0106,1 Example Lane,Reading,Berkshire,RG1 1AA,United Kingdom,Independent dental practice,https://www.thamesvalley-dental.example/team,SAMPLE-0006,valid,2026-09-12,Dentistry
Maple Leaf Chiropractic,https://mapleleaf-chiro.example,Chiropractic,Quinn Tremblay,Clinic Director,quinn@mapleleaf-chiro.example,+1-416-555-0107,77 Sample Blvd,Toronto,Ontario,M5H 2N2,Canada,Multi-practitioner clinic,https://mapleleaf-chiro.example/about,SAMPLE-0007,valid,2026-09-01,Chiropractic
Riverbend Urgent Care,https://riverbend-urgentcare.example,Urgent Care,Casey Morgan,Operations Lead,casey.morgan[at]riverbend-urgentcare.example,+1-254-555-0108,,Waco,TX,76701,US,Independent urgent care centre,,SAMPLE-0008,valid,2026-09-05,Urgent care
,https://no-company-name.example,Family Medicine,Drew Parker,Manager,drew@no-company-name.example,+1-214-555-0109,,Dallas,TX,75201,US,,,SAMPLE-0009,valid,2026-09-05,
Lone Star Family Clinic,https://www.lonestar-family-clinic.example,Family Medicine,Avery Collins,Practice Manager,AVERY.COLLINS@LONESTAR-FAMILY-CLINIC.EXAMPLE ,+1-512-555-0101,100 Sample Ave,Austin,TX,78701,US,Duplicate row for demonstration,,SAMPLE-0001,valid,2026-09-15,Primary care
Cedar Grove Podiatry,https://cedargrove-podiatry.example,Podiatry,Jordan Ellis,Practice Manager,jordan.ellis@cedargrove-podiatry.example,+1-555-555-0111,3 Example Ct,Springfield,,,,Country deliberately left blank,,SAMPLE-0011,valid,2026-09-14,Podiatry
Prairie Vision Center,https://prairie-vision.example,Optometry,,,info@prairie-vision.example,+1-806-555-0112,,Lubbock,TX,79401,US,Role mailbox only,https://prairie-vision.example/contact,SAMPLE-0012,valid,2026-09-16,Optometry
Pecos Hearing Clinic,https://pecos-hearing.example,Audiology,Sydney Ward,Owner,,+1-432-555-0113,,Midland,TX,79701,US,Owner-operated clinic,,SAMPLE-0013,,,Audiology
Bluebonnet Sleep Center,https://bluebonnet-sleep.example,Sleep Medicine,Rowan Hayes,Director,rowan.hayes@bluebonnet-sleep.example,+1-325-555-0114,,Abilene,TX,79601,US,Hospital-independent clinic,https://bluebonnet-sleep.example/about,SAMPLE-0014,super-valid,2026-09-16,Sleep medicine
@Home Care Partners,https://home-care-partners.example,Home Health,Emerson Price,Administrator,emerson.price@home-care-partners.example,+1-713-555-0115,,Houston,TX,77002,US,Leading cell starts with @ to show export protection,,SAMPLE-0015,valid,2026-09-16,=SUM(1+1)
Mesa Verde Allergy,https://mesaverde-allergy.example,Allergy,Logan Fox,Practice Manager,logan.fox@mesaverde-mail.example,+1-915-555-0116,,El Paso,TX,79901,US,Email domain differs from the website,,SAMPLE-0016,valid,2026-09-16,Allergy
